{
  "msg": "操作成功",
  "code": "0000",
  "data": [
    {
      "groupName": "头条",
      "bindingType": "1",
      "createTime": "20230421153223"
    },
    {
      "groupName": "头条",
      "bindingType": "1",
      "createTime": "20230421153223"
    },
    {
      "groupName": "头条",
      "bindingType": "1",
      "createTime": "20230421153223"
    },
    {
      "groupName": "头条",
      "bindingType": "1",
      "createTime": "20230421153223"
    }
  ]
}
