{
  "code": "0000",
  "data": [
    {
      "path": "/customerMng",
      "name": "customerMng",
      "meta": {
        "title": "客户管理",
        "icon": "UserFilled"
      },
      "children": [
        {
          "path": "/customerMng/accountList",
          "name": "accountList",
          "component": "/customerMng/accountAudit",
          "meta": {
            "title": "账户审批"
          }
        }
      ]
    },
    {
      "path": "/businessService",
      "name": "businessService",
      "meta": {
        "title": "业务办理",
        "icon": "Briefcase"
      },
      "children": [
        {
          "path": "/businessService/businessList",
          "name": "businessList",
          "component": "/businessService/index",
          "meta": {
            "title": "业务列表"
          }
        },
        {
          "path": "/businessService/businessDetail",
          "name": "businessDetail",
          "component": "/businessService/detail",
          "meta": {
            "title": "填写表单",
            "isHide": true
          }
        }
      ]
    },
    {
      "path": "/businessMng",
      "name": "businessMng",
      "meta": {
        "title": "业务管理",
        "icon": "GoodsFilled"
      },
      "children": [
        {
          "path": "/businessMng/cmpyInfoList",
          "name": "cmpyInfoList",
          "component": "/businessMng/cmpyInfoList",
          "meta": {
            "title": "企业客户账户信息列表"
          }
        },
        {
          "path": "/businessMng/channelInfoList",
          "name": "channelInfoList",
          "component": "/businessMng/channelInfoList",
          "meta": {
            "title": "渠道账户信息列表"
          }
        },
        {
          "path": "/businessMng/customManagerList",
          "name": "customManagerList",
          "component": "/businessMng/customManagerList",
          "meta": {
            "title": "客户经理账户信息列表"
          }
        },
        {
          "path": "/businessMng/branchCmpyList",
          "name": "branchCmpyList",
          "component": "/businessMng/branchCmpyList",
          "meta": {
            "title": "分公司账户信息列表"
          }
        }
      ]
    },
    {
      "path": "/phoneMng",
      "name": "phoneMng",
      "meta": {
        "title": "号码管理",
        "icon": "PhoneFilled"
      },
      "children": [
        {
          "path": "/phoneMng/unUserPhoneTask",
          "name": "unUserPhoneTask",
          "component": "/phoneMng/unUserPhoneTask",
          "meta": {
            "title": "未用号码资源导入任务列表"
          }
        },
        {
          "path": "/phoneMng/unUsePhone",
          "name": "unUsePhone",
          "component": "/phoneMng/unUsePhone",
          "meta": {
            "title": "导入未使用号码资源"
          }
        },
        {
          "path": "/phoneMng/phoneOrder",
          "name": "phoneOrder",
          "component": "/phoneMng/phoneOrder",
          "meta": {
            "title": "号码订购"
          }
        },
        {
          "path": "/phoneMng/phoneUnOrder",
          "name": "phoneUnOrder",
          "component": "/phoneMng/phoneUnOrder",
          "meta": {
            "title": "号码退订"
          }
        }
      ]
    },
    {
      "path": "/systemMng",
      "name": "systemMng",
      "meta": {
        "title": "系统管理",
        "icon": "Briefcase"
      },
      "children": [
        {
          "path": "/systemMng/roleList",
          "name": "roleList",
          "component": "/systemMng/role/index",
          "meta": {
            "title": "角色管理"
          }
        },
        {
          "path": "/systemMng/userList",
          "name": "userList",
          "component": "/systemMng/user/index",
          "meta": {
            "title": "账号管理"
          }
        }
      ]
    },
    {
      "path": "/complaintMng",
      "name": "complaintMng",
      "meta": {
        "title": "投诉管理",
        "icon": "Briefcase"
      },
      "children": [
        {
          "path": "/complaintMng/complaintList",
          "name": "complaintList",
          "component": "/complaintMng/complaintList",
          "meta": {
            "title": "投诉台账"
          }
        },
        {
          "path": "/complaintMng/phoneImport",
          "name": "phoneImport",
          "component": "/complaintMng/phoneImport",
          "meta": {
            "title": "号码导入"
          }
        },
        {
          "path": "/complaintMng/emailList",
          "name": "emailList",
          "component": "/complaintMng/emailList",
          "meta": {
            "title": "邮件管理"
          }
        }
      ]
    },
    {
      "path": "/middleMng",
      "name": "middleMng",
      "meta": {
        "title": "中间号统计",
        "icon": "TrendCharts"
      },
      "children": [
        {
          "path": "/middleMng/orderList",
          "name": "orderList",
          "component": "/middleMng/orderList",
          "meta": {
            "title": "订单统计"
          }
        },
        {
          "path": "/middleMng/callList",
          "name": "callList",
          "component": "/middleMng/callList",
          "meta": {
            "title": "通话统计"
          }
        },
        {
          "path": "/middleMng/msgList",
          "name": "msgList",
          "component": "/middleMng/msgList",
          "meta": {
            "title": "短信统计"
          }
        },
        {
          "path": "/middleMng/phoneList",
          "name": "phoneList",
          "component": "/middleMng/phoneList",
          "meta": {
            "title": "号码统计"
          }
        },
        {
          "path": "/middleMng/usePhoneList",
          "name": "usePhoneList",
          "component": "/middleMng/usePhoneList",
          "meta": {
            "title": "号码使用统计"
          }
        },
        {
          "path": "/middleMng/dayList",
          "name": "dayList",
          "component": "/middleMng/dayList",
          "meta": {
            "title": "中间号行为日统计"
          }
        },
        {
          "path": "/middleMng/monthList",
          "name": "monthList",
          "component": "/middleMng/monthList",
          "meta": {
            "title": "中间号行为月统计"
          }
        },
        {
          "path": "/middleMng/monthBill",
          "name": "monthBill",
          "component": "/middleMng/monthBill",
          "meta": {
            "title": "中间号月账单"
          }
        }
      ]
    },
    {
      "path": "/billMng",
      "name": "billMng",
      "meta": {
        "icon": "Briefcase",
        "title": "账单统计",
        "isHide": false
      },
      "children": [
        {
          "path": "/billMng/monthBillList",
          "name": "monthBillList",
          "component": "/billMng/monthBillList",
          "meta": {
            "title": "月账单列表",
            "isHide": false
          }
        },
        {
          "path": "/billMng/billFormula",
          "name": "billFormula",
          "component": "/billMng/billFormula",
          "meta": {
            "title": "账单公式",
            "isHide": false
          }
        }
      ]
    }
  ],
  "msg": "成功"
}
