{
  "msg": "操作成功",
  "code": "0000",
  "data": [
    {
      "id": 6231,
      "label": "运营配置",
      "children": [
        {
          "id": 6233,
          "label": "banner配置",
          "children": [
            {
              "id": 6384,
              "label": "新增"
            },
            {
              "id": 6386,
              "label": "批量删除"
            },
            {
              "id": 6387,
              "label": "上下线"
            },
            {
              "id": 6388,
              "label": "修改"
            },
            {
              "id": 6389,
              "label": "删除"
            }
          ]
        },
        {
          "id": 6229,
          "label": "链接管理",
          "children": [
            {
              "id": 6403,
              "label": "新增"
            },
            {
              "id": 6404,
              "label": "复制链接"
            }
          ]
        },
        {
          "id": 6234,
          "label": "icon配置",
          "children": [
            {
              "id": 6390,
              "label": "新增"
            },
            {
              "id": 6391,
              "label": "批量删除"
            },
            {
              "id": 6392,
              "label": "修改"
            },
            {
              "id": 6393,
              "label": "删除"
            }
          ]
        },
        {
          "id": 6225,
          "label": "发现配置",
          "children": [
            {
              "id": 6396,
              "label": "修改内容"
            },
            {
              "id": 6397,
              "label": "修改信息"
            },
            {
              "id": 6398,
              "label": "删除"
            }
          ]
        },
        {
          "id": 6228,
          "label": "中转页配置",
          "children": [
            {
              "id": 6399,
              "label": "新增"
            },
            {
              "id": 6400,
              "label": "修改"
            },
            {
              "id": 6401,
              "label": "链接管理"
            },
            {
              "id": 6402,
              "label": "复制链接"
            }
          ]
        }
      ]
    },
    {
      "id": 6352,
      "label": "微信模板消息",
      "children": [
        {
          "id": 6353,
          "label": "微信模板分类",
          "children": [
            {
              "id": 6358,
              "label": "新增"
            },
            {
              "id": 6359,
              "label": "修改"
            },
            {
              "id": 6360,
              "label": "删除"
            },
            {
              "id": 6361,
              "label": "模板列表"
            }
          ]
        },
        {
          "id": 6354,
          "label": "微信模板库",
          "children": [
            {
              "id": 6362,
              "label": "新增"
            },
            {
              "id": 6363,
              "label": "上下线"
            },
            {
              "id": 6364,
              "label": "修改"
            },
            {
              "id": 6365,
              "label": "删除"
            },
            {
              "id": 6368,
              "label": "使用模板"
            }
          ]
        },
        {
          "id": 6355,
          "label": "微信模板配置",
          "children": [
            {
              "id": 6366,
              "label": "用户清单导入"
            },
            {
              "id": 6367,
              "label": "上下线"
            },
            {
              "id": 6369,
              "label": "修改"
            }
          ]
        },
        {
          "id": 6356,
          "label": "场景功能",
          "children": [
            {
              "id": 6370,
              "label": "新增"
            },
            {
              "id": 6371,
              "label": "批量删除"
            },
            {
              "id": 6372,
              "label": "上传黑名单"
            },
            {
              "id": 6373,
              "label": "黑名单列表"
            },
            {
              "id": 6374,
              "label": "修改"
            },
            {
              "id": 6375,
              "label": "删除"
            }
          ]
        }
      ]
    },
    {
      "id": 6376,
      "label": "短信群发管理"
    },
    {
      "id": 6239,
      "label": "音频管理",
      "children": [
        {
          "id": 6241,
          "label": "音频基础库",
          "children": [
            {
              "id": 6291,
              "label": "音频基础库批量导入基础库"
            },
            {
              "id": 6293,
              "label": "音频基础库下载批量导入模板"
            },
            {
              "id": 6294,
              "label": "音频基础库批量导入运营库"
            },
            {
              "id": 6295,
              "label": "音频基础库导入运营库"
            },
            {
              "id": 6296,
              "label": "音频基础库试听"
            }
          ]
        },
        {
          "id": 6242,
          "label": "音频运营库",
          "children": [
            {
              "id": 6297,
              "label": "音频运营库试听"
            },
            {
              "id": 6298,
              "label": "音频运营库标签"
            },
            {
              "id": 6299,
              "label": "音频运营库基础数据"
            }
          ]
        },
        {
          "id": 6243,
          "label": "音频榜单",
          "children": [
            {
              "id": 6300,
              "label": "音频榜单导入音频"
            },
            {
              "id": 6301,
              "label": "音频榜单批量导入音频"
            },
            {
              "id": 6302,
              "label": "音频榜单下载导入模板"
            },
            {
              "id": 6303,
              "label": "音频榜单删除"
            },
            {
              "id": 6304,
              "label": "音频榜单批量删除"
            },
            {
              "id": 6305,
              "label": "音频榜单修改"
            },
            {
              "id": 6306,
              "label": "音频榜单试听"
            }
          ]
        },
        {
          "id": 6245,
          "label": "音频标签",
          "children": [
            {
              "id": 6307,
              "label": "音频标签新增标签"
            },
            {
              "id": 6308,
              "label": "音频标签批量删除"
            },
            {
              "id": 6309,
              "label": "音频标签删除"
            },
            {
              "id": 6310,
              "label": "音频标签修改"
            },
            {
              "id": 6311,
              "label": "音频标签是否展示"
            },
            {
              "id": 6312,
              "label": "音频标签铃音列表"
            }
          ]
        },
        {
          "id": 6244,
          "label": "音频热搜",
          "children": [
            {
              "id": 6319,
              "label": "音频热搜新增"
            },
            {
              "id": 6320,
              "label": "音频热搜修改"
            },
            {
              "id": 6321,
              "label": "音频热搜批量删除"
            },
            {
              "id": 6322,
              "label": "音频热搜删除"
            }
          ]
        },
        {
          "id": 6246,
          "label": "音频分类",
          "children": [
            {
              "id": 6315,
              "label": "音频分类新增分类"
            },
            {
              "id": 6316,
              "label": "音频分类修改分类"
            },
            {
              "id": 6317,
              "label": "音频分类删除分类"
            },
            {
              "id": 6318,
              "label": "音频分类标签列表"
            }
          ]
        },
        {
          "id": 6259,
          "label": "铃音列表",
          "children": [
            {
              "id": 6313,
              "label": "铃音列表批量删除"
            },
            {
              "id": 6314,
              "label": "铃音列表删除"
            }
          ]
        }
      ]
    },
    {
      "id": 6025,
      "label": "视频管理",
      "children": [
        {
          "id": 6029,
          "label": "视频基础库",
          "children": [
            {
              "id": 6143,
              "label": "视频基础库批量导入基础库"
            },
            {
              "id": 6144,
              "label": "视频基础库导入基础库记录"
            },
            {
              "id": 6145,
              "label": "视频基础库批量导入运营库"
            },
            {
              "id": 6146,
              "label": "视频基础库导入运营库"
            },
            {
              "id": 6155,
              "label": "视频基础库下载模板"
            }
          ]
        },
        {
          "id": 6043,
          "label": "视频运营库",
          "children": [
            {
              "id": 6147,
              "label": "视频运营库替换默认图片"
            },
            {
              "id": 6148,
              "label": "视频运营库替换能开图片"
            },
            {
              "id": 6149,
              "label": "视频基础库替换竖版图片"
            },
            {
              "id": 6150,
              "label": "视频运营库修改包装名"
            },
            {
              "id": 6151,
              "label": "视频运营库修改名称"
            },
            {
              "id": 6152,
              "label": "视频运营库修改标签"
            },
            {
              "id": 6153,
              "label": "视频运营库修改基础数据"
            },
            {
              "id": 6154,
              "label": "视频运营库批量删除视频"
            },
            {
              "id": 6156,
              "label": "视频运营库删除视频"
            }
          ]
        },
        {
          "id": 6038,
          "label": "视频榜单",
          "children": [
            {
              "id": 6157,
              "label": "视频榜单增加单个视频彩铃"
            },
            {
              "id": 6158,
              "label": "视频榜单批量导入视频彩铃"
            },
            {
              "id": 6159,
              "label": "视频榜单下载模板"
            },
            {
              "id": 6160,
              "label": "视频榜单修改榜单信息"
            },
            {
              "id": 6161,
              "label": "视频榜单删除榜单"
            },
            {
              "id": 6162,
              "label": "视频榜单批量删除榜单"
            }
          ]
        },
        {
          "id": 6034,
          "label": "视频标签",
          "children": [
            {
              "id": 6163,
              "label": "视频标签新增标签"
            },
            {
              "id": 6164,
              "label": "视频标签切换版式"
            },
            {
              "id": 6165,
              "label": "视频标签切换是否展示"
            },
            {
              "id": 6166,
              "label": "视频标签彩铃列表按钮"
            },
            {
              "id": 6167,
              "label": "视频标签修改标签"
            },
            {
              "id": 6168,
              "label": "视频标签批量删除标签"
            },
            {
              "id": 6169,
              "label": "视频标签删除标签"
            }
          ]
        },
        {
          "id": 6230,
          "label": "视频热搜",
          "children": [
            {
              "id": 6232,
              "label": "视频热搜新增热搜"
            },
            {
              "id": 6235,
              "label": "视频热搜修改热搜"
            },
            {
              "id": 6236,
              "label": "视频热搜删除热搜"
            },
            {
              "id": 6237,
              "label": "视频热搜批量删除热搜"
            }
          ]
        },
        {
          "id": 6126,
          "label": "AI换铃",
          "children": [
            {
              "id": 6170,
              "label": "AI换铃新增主题"
            },
            {
              "id": 6171,
              "label": "AI换铃批量上传用户"
            },
            {
              "id": 6172,
              "label": "AI换铃下载模板"
            },
            {
              "id": 6173,
              "label": "AI换铃编辑主题"
            },
            {
              "id": 6174,
              "label": "AI换铃铃音管理"
            },
            {
              "id": 6175,
              "label": "AI换铃用户管理"
            },
            {
              "id": 6176,
              "label": "AI换铃删除主题"
            },
            {
              "id": 6177,
              "label": "AI换铃批量删除主题"
            }
          ]
        }
      ]
    },
    {
      "id": 6227,
      "label": "中转页管理"
    },
    {
      "id": 6405,
      "label": "预警管理",
      "children": [
        {
          "id": 6406,
          "label": "活动预警"
        },
        {
          "id": 6407,
          "label": "接口预警"
        }
      ]
    },
    {
      "id": 6417,
      "label": "审核管理",
      "children": [
        {
          "id": 6418,
          "label": "人工待审核",
          "children": [
            {
              "id": 6419,
              "label": "通过"
            },
            {
              "id": 6420,
              "label": "驳回"
            },
            {
              "id": 6421,
              "label": "详情"
            }
          ]
        },
        {
          "id": 6422,
          "label": "审核记录查询"
        },
        {
          "id": 6423,
          "label": "人工待审核详情",
          "children": [
            {
              "id": 6424,
              "label": "通过"
            },
            {
              "id": 6425,
              "label": "驳回"
            }
          ]
        },
        {
          "id": 6426,
          "label": "审核记录详情"
        }
      ]
    },
    {
      "id": 6427,
      "label": "活动任务管理"
    },
    {
      "id": 6250,
      "label": "短信业务管理",
      "children": [
        {
          "id": 6251,
          "label": "订购记录",
          "children": [
            {
              "id": 6323,
              "label": "订购记录查看"
            }
          ]
        },
        {
          "id": 6252,
          "label": "订购记录详情",
          "children": [
            {
              "id": 6324,
              "label": "复制"
            },
            {
              "id": 6325,
              "label": "预览"
            }
          ]
        },
        {
          "id": 6253,
          "label": "业务规则配置",
          "children": [
            {
              "id": 6326,
              "label": "新增"
            },
            {
              "id": 6327,
              "label": "修改"
            },
            {
              "id": 6328,
              "label": "预览"
            }
          ]
        },
        {
          "id": 6380,
          "label": "黑名单管理",
          "children": [
            {
              "id": 6381,
              "label": "新增"
            },
            {
              "id": 6382,
              "label": "导入"
            },
            {
              "id": 6383,
              "label": "删除"
            }
          ]
        }
      ]
    },
    {
      "id": 6408,
      "label": "定时任务管理",
      "children": [
        {
          "id": 6409,
          "label": "任务列表"
        }
      ]
    },
    {
      "id": 6260,
      "label": "公众号管理",
      "children": [
        {
          "id": 6261,
          "label": "用户标签",
          "children": [
            {
              "id": 6268,
              "label": "用户标签删除"
            },
            {
              "id": 6269,
              "label": "用户标签新增"
            },
            {
              "id": 6270,
              "label": "修改标签"
            },
            {
              "id": 6330,
              "label": "查看"
            }
          ]
        },
        {
          "id": 6262,
          "label": "公众号用户",
          "children": [
            {
              "id": 6271,
              "label": "公众号用户打标签"
            },
            {
              "id": 6274,
              "label": "公众号用户同步"
            },
            {
              "id": 6276,
              "label": "公众号用户详情"
            },
            {
              "id": 6277,
              "label": "公众号用户备注修改"
            },
            {
              "id": 6331,
              "label": "去除标签"
            }
          ]
        },
        {
          "id": 6263,
          "label": "用户消息",
          "children": [
            {
              "id": 6281,
              "label": "用户消息详情"
            }
          ]
        },
        {
          "id": 6264,
          "label": "素材管理",
          "children": [
            {
              "id": 6332,
              "label": "图片-上传"
            },
            {
              "id": 6333,
              "label": "图片-删除"
            },
            {
              "id": 6334,
              "label": "语音-上传"
            },
            {
              "id": 6335,
              "label": "语音-下载"
            },
            {
              "id": 6336,
              "label": "语音-删除"
            },
            {
              "id": 6337,
              "label": "视频-新建"
            },
            {
              "id": 6338,
              "label": "视频-查看"
            },
            {
              "id": 6339,
              "label": "视频-删除"
            },
            {
              "id": 6340,
              "label": "图文-新增"
            },
            {
              "id": 6341,
              "label": "图文-修改"
            },
            {
              "id": 6342,
              "label": "图文-删除"
            }
          ]
        },
        {
          "id": 6265,
          "label": "自定义菜单",
          "children": [
            {
              "id": 6286,
              "label": "自定义菜单发布"
            }
          ]
        },
        {
          "id": 6267,
          "label": "自动回复",
          "children": [
            {
              "id": 6351,
              "label": "关注时回复-新增"
            },
            {
              "id": 6343,
              "label": "关注时回复-编辑"
            },
            {
              "id": 6344,
              "label": "关注时回复-删除"
            },
            {
              "id": 6345,
              "label": "消息回复-新增"
            },
            {
              "id": 6346,
              "label": "消息回复-编辑"
            },
            {
              "id": 6347,
              "label": "消息回复-删除"
            },
            {
              "id": 6348,
              "label": "关键词回复-新增"
            },
            {
              "id": 6349,
              "label": "关键词回复-编辑"
            },
            {
              "id": 6350,
              "label": "关键词回复-删除"
            }
          ]
        },
        {
          "id": 6266,
          "label": "数据统计"
        }
      ]
    },
    {
      "id": 6410,
      "label": "弹窗管理_bak"
    },
    {
      "id": 6413,
      "label": "弹窗管理",
      "children": [
        {
          "id": 6411,
          "label": "弹窗配置"
        },
        {
          "id": 6414,
          "label": "场景管理"
        },
        {
          "id": 6412,
          "label": "新弹窗配置"
        },
        {
          "id": 6415,
          "label": "策略管理"
        },
        {
          "id": 6416,
          "label": "分组管理"
        }
      ]
    },
    {
      "id": 6047,
      "label": "活动管理",
      "children": [
        {
          "id": 6110,
          "label": "模块化详情"
        },
        {
          "id": 6135,
          "label": "模板墙",
          "children": [
            {
              "id": 6394,
              "label": "预览"
            },
            {
              "id": 6395,
              "label": "使用模板"
            }
          ]
        },
        {
          "id": 6091,
          "label": "活动列表",
          "children": [
            {
              "id": 6430,
              "label": "陕西h5预览"
            },
            {
              "id": 6179,
              "label": "删除"
            },
            {
              "id": 6431,
              "label": "陕西小程序预览"
            },
            {
              "id": 6193,
              "label": "活动上线"
            },
            {
              "id": 6432,
              "label": "辽宁小程序预览"
            },
            {
              "id": 6200,
              "label": "活动下线"
            },
            {
              "id": 6201,
              "label": "活动再上线"
            },
            {
              "id": 6202,
              "label": "审核驳回"
            },
            {
              "id": 6203,
              "label": "审核通过"
            },
            {
              "id": 6204,
              "label": "提交审核"
            },
            {
              "id": 6205,
              "label": "编辑"
            },
            {
              "id": 6209,
              "label": "预览"
            }
          ]
        },
        {
          "id": 6222,
          "label": "拉新活动编辑"
        },
        {
          "id": 6238,
          "label": "业务页配置"
        },
        {
          "id": 6247,
          "label": "签到活动"
        },
        {
          "id": 6223,
          "label": "拉新活动列表"
        },
        {
          "id": 6248,
          "label": "签到活动编辑"
        },
        {
          "id": 6428,
          "label": "任务列表"
        },
        {
          "id": 6249,
          "label": "签到活动列表"
        },
        {
          "id": 6254,
          "label": "裂变宝"
        },
        {
          "id": 6255,
          "label": "新建海报"
        },
        {
          "id": 6429,
          "label": "大转盘编辑"
        },
        {
          "id": 6256,
          "label": "编辑海报"
        },
        {
          "id": 6257,
          "label": "海报详情"
        }
      ]
    },
    {
      "id": 6131,
      "label": "素材管理",
      "children": [
        {
          "id": 6132,
          "label": "分类管理",
          "children": [
            {
              "id": 6136,
              "label": "分类管理新增分类"
            },
            {
              "id": 6137,
              "label": "分类管理新增素材"
            },
            {
              "id": 6138,
              "label": "分类管理查看素材"
            },
            {
              "id": 6139,
              "label": "分类管理修改分类"
            },
            {
              "id": 6140,
              "label": "分类管理删除分类"
            }
          ]
        },
        {
          "id": 6133,
          "label": "素材列表",
          "children": [
            {
              "id": 6141,
              "label": "素材列表新增素材"
            },
            {
              "id": 6142,
              "label": "素材列表修改素材"
            }
          ]
        },
        {
          "id": 6226,
          "label": "资源审查审核"
        }
      ]
    },
    {
      "id": 1,
      "label": "系统管理",
      "children": [
        {
          "id": 100,
          "label": "用户管理",
          "children": [
            {
              "id": 6178,
              "label": "新增用户"
            },
            {
              "id": 6182,
              "label": "用户信息修改"
            },
            {
              "id": 6183,
              "label": "修改密码"
            },
            {
              "id": 6184,
              "label": "删除用户"
            }
          ]
        },
        {
          "id": 101,
          "label": "角色管理",
          "children": [
            {
              "id": 6185,
              "label": "新增角色"
            },
            {
              "id": 6188,
              "label": "数据权限"
            },
            {
              "id": 6186,
              "label": "修改角色"
            },
            {
              "id": 6187,
              "label": "删除角色"
            }
          ]
        },
        {
          "id": 102,
          "label": "菜单管理",
          "children": [
            {
              "id": 6189,
              "label": "新增菜单"
            },
            {
              "id": 6190,
              "label": "新增指定父目录菜单"
            },
            {
              "id": 6191,
              "label": "修改菜单"
            },
            {
              "id": 6192,
              "label": "删除菜单"
            }
          ]
        },
        {
          "id": 6087,
          "label": "操作日志"
        }
      ]
    }
  ]
}
